{
  "assetsByChunkName": {
    "path---reference": [
      "path---reference-586c7e095e534a3909ec.js",
      "path---reference-586c7e095e534a3909ec.js.map"
    ],
    "page-component---src-pages-index-js": [
      "page-component---src-pages-index-js-158cef9a90783cc22ad2.js",
      "page-component---src-pages-index-js-158cef9a90783cc22ad2.js.map"
    ],
    "path---whats-the-point-of-casa": [
      "path---whats-the-point-of-casa-51b783403a0e53c83473.js",
      "path---whats-the-point-of-casa-51b783403a0e53c83473.js.map"
    ],
    "page-component---src-pages-me-js": [
      "page-component---src-pages-me-js-666402348d505df60474.js",
      "page-component---src-pages-me-js-666402348d505df60474.js.map"
    ],
    "path---me": [
      "path---me-586c7e095e534a3909ec.js",
      "path---me-586c7e095e534a3909ec.js.map"
    ],
    "path---types-as-a-convenience-inference": [
      "path---types-as-a-convenience-inference-821d26756a3bca0a6b31.js",
      "path---types-as-a-convenience-inference-821d26756a3bca0a6b31.js.map"
    ],
    "path---types-as-a-convenience-intro": [
      "path---types-as-a-convenience-intro-bcc7e2a0b97ec4e99627.js",
      "path---types-as-a-convenience-intro-bcc7e2a0b97ec4e99627.js.map"
    ],
    "page-component---src-pages-404-js": [
      "page-component---src-pages-404-js-4acde51c05b00fda6baa.js",
      "page-component---src-pages-404-js-4acde51c05b00fda6baa.js.map"
    ],
    "path---index": [
      "path---index-e8a79a5286619253f5f2.js",
      "path---index-e8a79a5286619253f5f2.js.map"
    ],
    "path---types-as-a-convenience-assumptions": [
      "path---types-as-a-convenience-assumptions-55b9b40f18ef4217854a.js",
      "path---types-as-a-convenience-assumptions-55b9b40f18ef4217854a.js.map"
    ],
    "page-component---src-pages-reference-js": [
      "page-component---src-pages-reference-js-cbe69c89fb3571597f8c.js",
      "page-component---src-pages-reference-js-cbe69c89fb3571597f8c.js.map"
    ],
    "commons": [
      "commons-cedcdb29f6b2f05d2fcb.js",
      "commons-cedcdb29f6b2f05d2fcb.js.map"
    ],
    "path---404-html": [
      "path---404-html-586c7e095e534a3909ec.js",
      "path---404-html-586c7e095e534a3909ec.js.map"
    ],
    "app": [
      "app-ec9827fc264abbb7a751.js",
      "app-ec9827fc264abbb7a751.js.map"
    ],
    "path---404": [
      "path---404-586c7e095e534a3909ec.js",
      "path---404-586c7e095e534a3909ec.js.map"
    ],
    "page-component---src-templates-post-js": [
      "page-component---src-templates-post-js-451cfbdd131e78a8acc3.js",
      "page-component---src-templates-post-js-451cfbdd131e78a8acc3.js.map"
    ],
    "layout-component---index": [
      "layout-component---index-63574cc6beb1bca5ddbc.js",
      "layout-component---index-63574cc6beb1bca5ddbc.js.map"
    ]
  }
}